worker_id,wall_time,latency_seconds,outcome,status_code,filename
2,1786958988.7759218,0.5126438257284462,success,200,1332867233.jpg
3,1786958988.7771206,0.8108482756651938,success,200,132056499.jpg
0,1786958988.7784033,0.9671837161295116,success,200,1449625950.jpg
1,1786958988.7787764,1.3839310640469193,success,200,1458395412.jpg
2,1786958989.2908452,1.1570603111758828,success,200,13651137.jpg
3,1786958989.5894907,1.0976339960470796,success,200,1351594833.jpg
0,1786958989.7474654,1.3311006133444607,success,200,1287768104.jpg
1,1786958990.1654503,1.3209770289249718,success,200,1534920819.jpg
2,1786958990.4503243,1.3178296461701393,success,200,128404184.jpg
3,1786958990.688482,1.3678403617814183,success,200,1246237064.jpg
0,1786958991.0800529,1.2198017351329327,success,200,140407961.jpg
1,1786958991.4890862,1.0035246242769063,success,200,103625356.jpg
2,1786958991.7696898,0.9829627559520304,success,200,151155158.jpg
3,1786958992.0577536,0.9436004781164229,success,200,1145730606.jpg
0,1786958992.3026478,0.9368638289161026,success,200,143688205.jpg
1,1786958992.4928095,0.9892780748195946,success,200,143688205.jpg
2,1786958992.7546175,0.9660647911950946,success,200,1145722716.jpg
3,1786958993.0055618,0.9356956430710852,success,200,1423997242.jpg
0,1786958993.2407532,1.0003320607356727,success,200,107022557.jpg
1,1786958993.484613,1.0081319608725607,success,200,143684568.jpg
2,1786958993.7230701,0.9955577161163092,success,200,1097463464.jpg
3,1786958993.9468148,1.036078582983464,success,200,1302657647.jpg
0,1786958994.2426093,1.0161840990185738,success,200,126823727.jpg
1,1786958994.4956818,0.9751523709855974,success,200,1130401779.jpg
2,1786958994.7188187,1.0180104300379753,success,200,1093716555.jpg
3,1786958994.983081,1.007275871001184,success,200,129599450.jpg
0,1786958995.2613444,0.9844788927584887,success,200,1242394484.jpg
1,1786958995.4735076,1.043699296656996,success,200,1489286545.jpg
2,1786958995.7413647,1.0695190359838307,success,200,118707970.jpg
3,1786958995.9918683,1.0810959809459746,success,200,1342780478.jpg
0,1786958996.2459598,1.0741037772968411,success,200,104180524.jpg
1,1786958996.5206568,1.1011432269588113,success,200,154789578.jpg
2,1786958996.8132188,1.0701820771209896,success,200,1312227131.jpg
3,1786958997.078655,1.0974986930377781,success,200,129863111.jpg
0,1786958997.3229527,1.1100646699778736,success,200,1304100320.jpg
1,1786958997.624521,1.1744718421250582,success,200,106300392.jpg
2,1786958997.884522,1.1335107972845435,success,200,10919429.jpg
3,1786958998.1793435,1.1352558443322778,success,200,127489408.jpg
0,1786958998.4350462,1.16638991702348,success,200,1110208841.jpg
1,1786958998.8001957,1.0582215320318937,success,200,134973484.jpg
2,1786958999.0199642,1.1349112349562347,success,200,138482998.jpg
3,1786958999.3233595,1.069218497723341,success,200,1014609273.jpg
0,1786958999.6036556,1.1113361860625446,success,200,1339596997.jpg
1,1786958999.8617547,1.117321158759296,success,200,1512967800.jpg
2,1786959000.1550312,1.089147066231817,success,200,1361790462.jpg
3,1786959000.3946764,1.1374389128759503,success,200,141126420.jpg
0,1786959000.7163062,1.094998950138688,success,200,1290571209.jpg
2,1786959001.250039,0.9351721280254424,success,200,1378557186.jpg
3,1786959001.5360086,0.8580594691447914,success,200,123244147.jpg
1,1786959000.982514,1.654459006153047,success,200,1255846277.jpg
0,1786959001.812851,1.0839323210529983,success,200,1093716555.jpg
2,1786959002.1874583,0.9158876151777804,success,200,1063866640.jpg
3,1786959002.3957725,1.098726618103683,success,200,1044434135.jpg
1,1786959002.638919,1.0916932141408324,success,200,1453366750.jpg
0,1786959002.898358,1.055392777081579,success,200,1145755142.jpg
2,1786959003.1056592,1.1109300251118839,success,200,141736784.jpg
3,1786959003.4961026,0.9718851293437183,success,200,1306755031.jpg
1,1786959003.732117,1.0170219340361655,success,200,110671448.jpg
0,1786959003.9553561,1.0771258743479848,success,200,140468532.jpg
2,1786959004.2185423,1.0904451119713485,success,200,1290285741.jpg
3,1786959004.4715984,1.0777680999599397,success,200,132421833.jpg
1,1786959004.7519011,1.0658864327706397,success,200,127685074.jpg
0,1786959005.034941,1.0846301945857704,success,200,1157215900.jpg
2,1786959005.3109915,1.093987578060478,success,200,132955537.jpg
3,1786959005.5519168,1.1061650817282498,success,200,129790261.jpg
1,1786959005.8178809,1.0597768668085337,success,200,1423997242.jpg
0,1786959006.1242437,1.0439914050512016,success,200,124880336.jpg
2,1786959006.4079626,1.041920225135982,success,200,1028982826.jpg
3,1786959006.660444,1.031085745897144,success,200,1324673652.jpg
1,1786959006.8831518,1.1192907001823187,success,200,1253264731.jpg
0,1786959007.1714463,1.1564456513151526,success,200,1408554531.jpg
2,1786959007.4510865,1.1826910311356187,success,200,1158255688.jpg
3,1786959007.6952162,1.1447329348884523,success,200,10602072.jpg
1,1786959008.0050142,1.0968527938239276,success,200,1353176657.jpg
0,1786959008.32979,0.9749915688298643,success,200,1315116409.jpg
2,1786959008.6351092,0.9198973993770778,success,200,114722877.jpg
3,1786959008.8430886,0.9410372669808567,success,200,151011164.jpg
1,1786959009.1059897,0.9515341757796705,success,200,1394796089.jpg
0,1786959009.3063195,1.0030162408947945,success,200,1132772170.jpg
2,1786959009.556372,0.9990938431583345,success,200,1454439103.jpg
3,1786959009.7872128,1.0022411621175706,success,200,1197800988.jpg
1,1786959010.0601594,1.0051636840216815,success,200,1447077067.jpg
0,1786959010.317489,0.9822708098217845,success,200,1409001204.jpg
2,1786959010.5576496,0.9426723229698837,success,200,1022975728.jpg
3,1786959010.7917426,0.9960767067968845,success,200,149588792.jpg
1,1786959011.0684602,0.9793445598334074,success,200,1274268203.jpg
0,1786959011.3017862,0.9951559011824429,success,200,1402859872.jpg
2,1786959011.50043,1.067062968853861,success,200,128404184.jpg
3,1786959011.7901728,1.0447299471125007,success,200,1234293791.jpg
1,1786959012.0496168,1.037899052258581,success,200,1451143609.jpg
0,1786959012.3026252,0.9954349589534104,success,200,1250181412.jpg
2,1786959012.5688562,1.0003490699455142,success,200,1015584366.jpg
3,1786959012.8375413,0.9872845700010657,success,200,1360456780.jpg
1,1786959013.0897324,0.9911925387568772,success,200,135608578.jpg
0,1786959013.3000703,1.0518580279313028,success,200,1149097018.jpg
2,1786959013.5709686,1.0367327597923577,success,200,1354131040.jpg
3,1786959013.826681,1.0352267851121724,success,200,1512770347.jpg
1,1786959014.0854585,1.0539451213553548,success,200,113109101.jpg
0,1786959014.3544252,1.0637273471802473,success,200,1459032057.jpg
2,1786959014.6125333,1.0205211988650262,success,200,1350811702.jpg
3,1786959014.8654583,1.060412569437176,success,200,132717787.jpg
1,1786959015.1412432,1.0387457637116313,success,200,1370615506.jpg
0,1786959015.4183362,1.0594511022791266,success,200,130063845.jpg
2,1786959015.6369815,1.0920085697434843,success,200,1406296515.jpg
3,1786959015.9274685,1.0713448547758162,success,200,1421047822.jpg
1,1786959016.1820693,1.08620487106964,success,200,1499928560.jpg
0,1786959016.4793696,1.0063317748717964,success,200,11214370.jpg
2,1786959016.7305772,1.0327847581356764,success,200,109260218.jpg
3,1786959017.0006914,1.1742062792181969,success,200,140430106.jpg
1,1786959017.269471,1.1221967888996005,success,200,1030041880.jpg
0,1786959017.487415,1.075798333156854,success,200,102351840.jpg
2,1786959017.7652192,1.0949525218456984,success,200,143561756.jpg
3,1786959018.176838,0.9068832946941257,success,200,1510926782.jpg
1,1786959018.3963394,0.9205781482160091,success,200,1016626169.jpg
0,1786959018.5649161,1.0616974895820022,success,200,140770875.jpg
2,1786959018.8604198,1.0247514341026545,success,200,1361790462.jpg
3,1786959019.086919,1.0897883749566972,success,200,1412361982.jpg
1,1786959019.321627,1.1584809012711048,success,200,1429723917.jpg
0,1786959019.627734,1.1494111060164869,success,200,15688495.jpg
2,1786959019.8910093,1.1345676579512656,success,200,1107507919.jpg
3,1786959020.1784112,1.0534607330337167,success,200,1018148011.jpg
1,1786959020.4838479,1.050203519873321,success,200,155215518.jpg
0,1786959020.7791526,0.9999040709808469,success,200,1434128388.jpg
2,1786959021.0267055,0.9177240268327296,success,200,12142386.jpg
3,1786959021.233332,0.9803347713313997,success,200,1393707375.jpg
1,1786959021.536308,0.9792624693363905,success,200,141755292.jpg
0,1786959021.781775,0.964700598269701,success,200,1313961775.jpg
2,1786959021.9466383,1.0703919199295342,success,200,1303573561.jpg
3,1786959022.219383,1.001410541124642,success,200,1149179852.jpg
1,1786959022.5178545,0.9713228931650519,success,200,1433577867.jpg
0,1786959022.7482913,1.0190731822513044,success,200,109738916.jpg
2,1786959023.0188367,1.0045540840364993,success,200,1434753225.jpg
3,1786959023.2222667,1.0730614690110087,success,200,1409723496.jpg
1,1786959023.4906182,1.0271793473511934,success,200,152881593.jpg
0,1786959023.769037,1.0358174820430577,success,200,130163559.jpg
2,1786959024.024609,1.016119313891977,success,200,1396064003.jpg
3,1786959024.2975452,0.9868725999258459,success,200,1342407554.jpg
1,1786959024.5209084,1.0057998541742563,success,200,1317292658.jpg
0,1786959024.8134239,0.9335242449305952,success,200,1419385780.jpg
2,1786959025.0439284,0.9861375479958951,success,200,1452361926.jpg
3,1786959025.2859757,1.0370296342298388,success,200,134747073.jpg
1,1786959025.527938,0.9790024608373642,success,200,1420060020.jpg
0,1786959025.7491174,1.0340465609915555,success,200,1418019748.jpg
2,1786959026.0332103,1.0072568519972265,success,200,1540631615.jpg
3,1786959026.3243556,0.9512090086936951,success,200,10404007.jpg
1,1786959026.5087626,0.9991603069938719,success,200,14153510.jpg
0,1786959026.7851741,0.992034365888685,success,200,12830823.jpg
2,1786959027.0406592,1.009768147021532,success,200,1394796089.jpg
3,1786959027.2792475,1.0193800781853497,success,200,1220401002.jpg
1,1786959027.5097592,1.007323315832764,success,200,1397887419.jpg
0,1786959027.7786489,1.0075385910458863,success,200,1412022357.jpg
2,1786959028.0529866,0.9847206058911979,success,200,1187993157.jpg
3,1786959028.3007524,0.9687557280994952,success,200,114939325.jpg
1,1786959028.5187216,1.0574134700000286,success,200,137430923.jpg
0,1786959028.7879875,1.1524388599209487,success,200,150582765.jpg
2,1786959029.0378308,1.1534075466915965,success,200,105493603.jpg
3,1786959029.2710483,1.207843762356788,success,200,1409969752.jpg
1,1786959029.5762963,1.1945089851506054,success,200,1429723917.jpg
0,1786959029.942122,1.0713522783480585,success,200,1131804997.jpg
2,1786959030.1913633,1.056032681837678,success,200,151198526.jpg
3,1786959030.47907,1.0050229881890118,success,200,1351764581.jpg
1,1786959030.7723007,0.9715015068650246,success,200,154257460.jpg
0,1786959031.0153499,1.002090850379318,success,200,1012212859.jpg
2,1786959031.2495859,1.0490375361405313,success,200,1484815652.jpg
3,1786959031.4866412,1.1020078887231648,success,200,1348891916.jpg
1,1786959031.7450366,1.1037343190982938,success,200,112264837.jpg
0,1786959032.0194855,1.0899042086675763,success,200,1439046601.jpg
2,1786959032.2999318,1.0448772879317403,success,200,1481062342.jpg
3,1786959032.5917065,1.0144769782200456,success,200,10002456.jpg
0,1786959033.1117184,0.7609395612962544,success,200,1472653060.jpg
2,1786959033.3492048,0.7844035620801151,success,200,1468429623.jpg
1,1786959032.8573942,1.6121810702607036,success,200,151853042.jpg
3,1786959033.610359,1.1492430260404944,success,200,1096305461.jpg
0,1786959033.8741374,1.1307011879980564,success,200,1341077576.jpg
2,1786959034.133731,1.168115435168147,success,200,1334892555.jpg
1,1786959034.4696763,1.0660337824374437,success,200,132421833.jpg
3,1786959034.7607665,1.0171593739651144,success,200,12668600.jpg
0,1786959035.0068536,1.0123056201264262,success,200,1304296861.jpg
2,1786959035.303017,0.9437757120467722,success,200,1542970158.jpg
1,1786959035.5379305,0.9753402499482036,success,200,1428839421.jpg
3,1786959035.7798815,0.9980842689983547,success,200,123628218.jpg
0,1786959036.0275204,0.9822470811195672,success,200,1420461308.jpg
2,1786959036.2480755,0.9929808499291539,success,200,135911244.jpg
1,1786959036.5141768,0.9072970109991729,success,200,1509542787.jpg
3,1786959036.779501,0.8699895679019392,success,200,1016887272.jpg
0,1786959037.0114262,0.9535656981170177,success,200,1464120327.jpg
2,1786959037.2425225,0.9609738676808774,success,200,1397344877.jpg
1,1786959037.4231958,1.0200552269816399,success,200,137398669.jpg
3,1786959037.6579719,1.0245067281648517,success,200,1343787097.jpg
0,1786959037.9686837,0.9616113509982824,success,200,1444710198.jpg
2,1786959038.2046423,0.9946506167761981,success,200,1541272333.jpg
1,1786959038.4458358,0.979196656960994,success,200,153374075.jpg
3,1786959038.6825867,1.0317090437747538,success,200,1157215900.jpg
0,1786959038.9324958,1.0017075999639928,success,200,154871781.jpg
2,1786959039.205629,0.9954766579903662,success,200,141186473.jpg
1,1786959039.4278793,1.009612978901714,success,200,1100708949.jpg
3,1786959039.716439,0.9839002848602831,success,200,1414520123.jpg
0,1786959039.9356787,0.9683406031690538,success,200,1144865997.jpg
2,1786959040.2025282,0.9762248932383955,success,200,129441311.jpg
1,1786959040.4402666,0.9793405537493527,success,200,1010087179.jpg
3,1786959040.7004113,0.9110863688401878,success,200,1509542787.jpg
0,1786959040.9058526,0.9483424602076411,success,200,1346529555.jpg
2,1786959041.1799874,0.9420161140151322,success,200,1379026456.jpg
1,1786959041.421073,0.9341112412512302,success,200,1353009866.jpg
3,1786959041.6132355,1.0525809209793806,success,200,144429279.jpg
0,1786959041.8554707,1.0571231311187148,success,200,1117972841.jpg
2,1786959042.1231718,1.1402435819618404,success,200,1192725687.jpg
1,1786959042.3581078,1.3067460870370269,success,200,1499495021.jpg
3,1786959042.6696372,1.287324198987335,success,200,126378326.jpg
0,1786959042.912695,1.2654629740864038,success,200,1510926782.jpg
2,1786959043.2687566,1.2292185979895294,success,200,1414779054.jpg
1,1786959043.6684384,1.0728014507330954,success,200,1072439304.jpg
3,1786959043.9586391,1.0192162762396038,success,200,1039637574.jpg
0,1786959044.1804802,1.0693540018983185,success,200,1414454789.jpg
2,1786959044.5008984,1.1159132616594434,success,200,1459024518.jpg
1,1786959044.7428296,1.1428838409483433,success,200,1390184143.jpg
3,1786959044.9809663,1.2670334610156715,success,200,1179086155.jpg
0,1786959045.2513232,1.304344616830349,success,200,1415960251.jpg
2,1786959045.618567,1.2818477316759527,success,200,104816788.jpg
1,1786959045.8916,1.3103466322645545,success,200,1514957266.jpg
3,1786959046.2522569,1.2270377473905683,success,200,127490019.jpg
0,1786959046.5575523,1.199390651192516,success,200,1079013716.jpg
2,1786959046.900525,1.133472625631839,success,200,1073145694.jpg
1,1786959047.2031803,1.106532373931259,success,200,127685074.jpg
3,1786959047.482506,1.1227616532705724,success,200,1519576998.jpg
0,1786959047.7584982,1.1027649641036987,success,200,116409198.jpg
2,1786959048.0368567,1.0182424150407314,success,200,128755800.jpg
1,1786959048.3114672,0.9921028972603381,success,200,1410585992.jpg
3,1786959048.6080663,0.9645304903388023,success,200,1093807815.jpg
0,1786959048.8613956,1.0009810640476644,success,200,110671448.jpg
2,1786959049.0562613,1.0562345799989998,success,200,14220927.jpg
1,1786959049.3036766,1.07446417119354,success,200,109260218.jpg
3,1786959049.5742986,1.0943165090866387,success,200,1484584782.jpg
0,1786959049.864085,1.0123009658418596,success,200,1190083977.jpg
2,1786959050.1137872,1.0738887009210885,success,200,106039369.jpg
1,1786959050.3797758,1.0859163249842823,success,200,1071201387.jpg
3,1786959050.6704473,1.163211537990719,success,200,1558872760.jpg
0,1786959050.876473,1.1724206949584186,success,200,1063866640.jpg
2,1786959051.1924117,1.1097727320156991,success,200,1394276597.jpg
1,1786959051.4657707,1.1123511330224574,success,200,1489286545.jpg
3,1786959051.835158,1.000691033899784,success,200,116482438.jpg
0,1786959052.0503514,1.0686487457714975,success,200,1000268201.jpg
2,1786959052.303306,1.0352486451156437,success,200,10459869.jpg
1,1786959052.5801816,0.9994264678098261,success,200,1501398164.jpg
3,1786959052.841479,1.0009153569117188,success,200,125635185.jpg
0,1786959053.1211257,0.9516548588871956,success,200,121556607.jpg
2,1786959053.3410144,0.9777582720853388,success,200,1266359954.jpg
1,1786959053.582644,0.9925214243121445,success,200,116457850.jpg
3,1786959053.8436508,1.017539971973747,success,200,1287166023.jpg
0,1786959054.0763414,1.0551492632366717,success,200,1464813188.jpg
2,1786959054.3200943,1.014258238952607,success,200,1215334959.jpg
1,1786959054.576396,1.0031356760300696,success,200,1289951084.jpg
3,1786959054.8613455,1.0035989009775221,success,200,1527297882.jpg
0,1786959055.134003,0.9968329579569399,success,200,10090841.jpg
2,1786959055.3369603,1.0514874211512506,success,200,154362163.jpg
1,1786959055.5809505,1.074148626998067,success,200,1364148789.jpg
3,1786959055.8670907,1.0424330341629684,success,200,113032513.jpg
0,1786959056.1333053,1.0463575408793986,success,200,1389651420.jpg
2,1786959056.391876,1.0037220208905637,success,200,1463732130.jpg
1,1786959056.657521,1.0136787332594395,success,200,1521623639.jpg
3,1786959056.9115608,1.016449776943773,success,200,1131056918.jpg
0,1786959057.183317,1.062809329945594,success,200,1483784737.jpg
2,1786959057.3976498,1.0457055810838938,success,200,137231942.jpg
1,1786959057.672913,1.2093207146972418,success,200,1051953669.jpg
3,1786959057.9305556,1.226205499842763,success,200,1438769690.jpg
0,1786959058.2475436,1.171241651289165,success,200,116626604.jpg
2,1786959058.446528,1.2501406366936862,success,200,156021287.jpg
1,1786959058.8841753,1.0726164877414703,success,200,1346051107.jpg
3,1786959059.156873,1.0769902649335563,success,200,116626604.jpg
0,1786959059.421122,1.0314738531596959,success,200,1193746118.jpg
2,1786959059.6981409,0.9991007102653384,success,200,1105137588.jpg
1,1786959059.9568994,0.952876397408545,success,200,1350811702.jpg
3,1786959060.2339754,0.9752869349904358,success,200,129891931.jpg
0,1786959060.4538982,1.0030210129916668,success,200,133280380.jpg
2,1786959060.698054,1.0244951047934592,success,200,136639119.jpg
1,1786959060.9113255,1.0308507070876658,success,200,1456630952.jpg
3,1786959061.2113144,1.0034300833940506,success,200,1469138762.jpg
0,1786959061.4588647,1.0196528020314872,success,200,145097595.jpg
2,1786959061.7245307,1.0331350113265216,success,200,128391889.jpg
1,1786959061.9422488,1.0503233200870454,success,200,12668600.jpg
3,1786959062.2148733,1.0689315283671021,success,200,144429279.jpg
0,1786959062.4804025,1.0671378481201828,success,200,1443807993.jpg
2,1786959062.7598825,0.9891791120171547,success,200,1045521051.jpg
1,1786959062.9926567,1.070764936041087,success,200,106039369.jpg
3,1786959063.2839222,1.0349620743654668,success,200,1131056918.jpg
0,1786959063.5489676,1.033338415902108,success,200,1348113612.jpg
2,1786959063.7516947,1.0898805898614228,success,200,155560281.jpg
1,1786959064.0660884,1.0245022759772837,success,200,1211015912.jpg
3,1786959064.3203413,1.0567596908658743,success,200,1435194718.jpg
0,1786959064.5842702,1.0929411789402366,success,200,108503753.jpg
2,1786959064.8433397,1.127186192665249,success,200,1318903794.jpg
1,1786959065.0927029,1.1851111552678049,success,200,1239262721.jpg
3,1786959065.3783076,1.1743476879782975,success,200,14072289.jpg
0,1786959065.6784306,1.1184485321864486,success,200,1128230658.jpg
2,1786959065.9725266,1.116178086027503,success,200,1057089366.jpg
1,1786959066.2795577,1.041603754274547,success,200,111061041.jpg
3,1786959066.5612411,1.0571902049705386,success,200,1094606832.jpg
0,1786959066.7982352,1.1179893789812922,success,200,1517682494.jpg
2,1786959067.0888402,1.1138210319913924,success,200,1335877200.jpg
1,1786959067.3232212,1.1655559623613954,success,200,1273001772.jpg
3,1786959067.6185446,1.162366276141256,success,200,1484584782.jpg
0,1786959067.9192083,1.098958499263972,success,200,1195966967.jpg
2,1786959068.204606,1.0704553187824786,success,200,1463864223.jpg
1,1786959068.4902225,1.0371606177650392,success,200,1019604187.jpg
3,1786959068.7832456,1.044174183625728,success,200,1095580424.jpg
0,1786959069.021818,1.20407929783687,success,200,1260501563.jpg
2,1786959069.2764215,1.220836034975946,success,200,1460450364.jpg
1,1786959069.529027,1.227812824305147,success,200,1101207553.jpg
3,1786959069.829328,1.2321366062387824,success,200,136151338.jpg
0,1786959070.2259989,1.0820492529310286,success,200,1220401002.jpg
2,1786959070.4988341,1.0888134948909283,success,200,1348278340.jpg
1,1786959070.7569938,1.105343425180763,success,200,149588792.jpg
3,1786959071.0633228,1.020360026974231,success,200,1432734769.jpg
0,1786959071.3103642,1.066720571834594,success,200,1398766312.jpg
2,1786959071.5896385,1.0397179829888046,success,200,1119034454.jpg
1,1786959071.8639653,0.9961205311119556,success,200,1065831604.jpg
3,1786959072.0854867,1.0073975422419608,success,200,1377668044.jpg
0,1786959072.3773289,0.9108974798582494,success,200,1149179852.jpg
2,1786959072.6295624,1.040377059020102,success,200,1459024518.jpg
1,1786959072.8602474,1.0891343099065125,success,200,1370615506.jpg
3,1786959073.0953946,1.1063071247190237,success,200,149231190.jpg
0,1786959073.2901568,1.1978949522599578,success,200,1150429218.jpg
2,1786959073.6713507,1.0641914270818233,success,200,102520526.jpg
1,1786959073.9505723,1.0027354531921446,success,200,1141644104.jpg
3,1786959074.2034194,1.0340634337626398,success,200,116337803.jpg
0,1786959074.4900444,1.1593756629154086,success,200,1244485675.jpg
2,1786959074.7384183,1.1775138680823147,success,200,1528205014.jpg
1,1786959074.954569,1.1950854491442442,success,200,1001633352.jpg
3,1786959075.2429478,1.1838792371563613,success,200,1121053156.jpg
0,1786959075.6520925,1.0337861320003867,success,200,1375501091.jpg
2,1786959075.917495,1.0473683490417898,success,200,1066831905.jpg
1,1786959076.1513112,1.071824970189482,success,200,1289352548.jpg
3,1786959076.42918,1.0820669350214303,success,200,101362133.jpg
0,1786959076.688184,1.0594487092457712,success,200,131254736.jpg
2,1786959076.9662127,1.026630220003426,success,200,105685221.jpg
1,1786959077.224986,1.0014158757403493,success,200,135916133.jpg
3,1786959077.5152476,0.969343195669353,success,200,1486273777.jpg
0,1786959077.7477312,0.9282338749617338,success,200,1509542787.jpg
2,1786959077.9929504,0.9576821909286082,success,200,1438769690.jpg
1,1786959078.2276845,0.9867782411165535,success,200,1471163137.jpg
3,1786959078.4870744,0.9795327582396567,success,200,126042604.jpg
0,1786959078.6793935,1.045049401000142,success,200,149167610.jpg
2,1786959078.9507213,1.073262341786176,success,200,1287166023.jpg
1,1786959079.2155073,1.080976678058505,success,200,1440465.jpg
3,1786959079.466717,1.0975052788853645,success,200,1132772170.jpg
0,1786959079.728182,1.1118860240094364,success,200,108656820.jpg
2,1786959080.0240939,1.1562419668771327,success,200,1044434135.jpg
1,1786959080.2985983,1.0946024218574166,success,200,12335073.jpg
3,1786959080.5663564,1.0859827888198197,success,200,1425485485.jpg
0,1786959080.842437,1.0342161706648767,success,200,1196696476.jpg
2,1786959081.1815343,0.9073064029216766,success,200,1311388430.jpg
1,1786959081.3946314,0.930456549860537,success,200,1131800850.jpg
3,1786959081.654035,0.9323341376148164,success,200,1235455146.jpg
0,1786959081.8767564,0.9691407438367605,success,200,1255504166.jpg
2,1786959082.0897205,1.0066570630297065,success,200,10287332.jpg
1,1786959082.3262491,1.078367181122303,success,200,1479028910.jpg
3,1786959082.587967,1.1174074057489634,success,200,129602216.jpg
0,1786959082.8460171,1.1584444427862763,success,200,130063845.jpg
2,1786959083.0964699,1.1507391412742436,success,200,1317156.jpg
1,1786959083.4091396,1.0851752092130482,success,200,153598671.jpg
3,1786959083.7067854,1.0489883651025593,success,200,1390268323.jpg
0,1786959084.0045776,0.9752313219942153,success,200,1250181412.jpg
2,1786959084.2488277,1.01758001325652,success,200,117956563.jpg
1,1786959084.4972606,1.0228328802622855,success,200,1448269321.jpg
3,1786959084.7567606,1.0208941856399179,success,200,1248940539.jpg
0,1786959084.981244,1.0600155163556337,success,200,1312440023.jpg
2,1786959085.268711,1.04990265192464,success,200,1475046848.jpg
1,1786959085.520197,1.0584663711488247,success,200,1478294229.jpg
3,1786959085.7777314,1.0489567266777158,success,200,1101207553.jpg
0,1786959086.044982,1.0062409681268036,success,200,13652901.jpg
2,1786959086.321564,0.9763720659539104,success,200,101362650.jpg
1,1786959086.580135,0.9594590538181365,success,200,1095980313.jpg
3,1786959086.8303487,0.9684620890766382,success,200,134829866.jpg
0,1786959087.052586,1.0055152410641313,success,200,118771635.jpg
2,1786959087.2993474,1.032547103241086,success,200,1040426962.jpg
1,1786959087.5418038,1.0301448050886393,success,200,1342766791.jpg
3,1786959087.8073742,1.0365742989815772,success,200,1329832826.jpg
0,1786959088.0601645,1.0602768063545227,success,200,130504182.jpg
2,1786959088.333323,1.1029506619088352,success,200,11382381.jpg
1,1786959088.573872,1.26301178522408,success,200,1295476404.jpg
3,1786959088.8463264,1.2375887362286448,success,200,14799369.jpg
0,1786959089.1220164,1.2513416348956525,success,200,122634567.jpg
2,1786959089.4364078,1.1863034428097308,success,200,1119418776.jpg
1,1786959089.83875,1.0426485021598637,success,200,1500989694.jpg
3,1786959090.084023,1.0526127759367228,success,200,1290285741.jpg
0,1786959090.3759215,1.0012966473586857,success,200,155210731.jpg
2,1786959090.6243322,1.059092469047755,success,200,1418503947.jpg
1,1786959090.8815026,1.0161574818193913,success,200,1144865997.jpg
3,1786959091.138342,1.0557913472875953,success,200,1263801010.jpg
0,1786959091.3785856,1.113355448935181,success,200,155515294.jpg
2,1786959091.6856217,1.0856763371266425,success,200,1434167828.jpg
1,1786959091.9002547,1.149441537912935,success,200,1356796100.jpg
3,1786959092.1957505,1.136407917831093,success,200,1067675215.jpg
0,1786959092.4937031,1.0851875157095492,success,200,100652400.jpg
2,1786959092.7727163,1.0551511221565306,success,200,107969134.jpg
1,1786959093.0564184,1.0054733380675316,success,200,1021442086.jpg
3,1786959093.332257,0.9964180449023843,success,200,113109101.jpg
0,1786959093.581922,1.01428144518286,success,200,1032460886.jpg
2,1786959093.829167,1.091458126436919,success,200,146758244.jpg
1,1786959094.0642862,1.136724899057299,success,200,103631543.jpg
3,1786959094.3287668,1.1369160981848836,success,200,103631543.jpg
0,1786959094.5963376,1.1290208487771451,success,200,109738916.jpg
2,1786959094.9207454,1.0491025922819972,success,200,135916133.jpg
1,1786959095.202787,0.9978857240639627,success,200,1251898514.jpg
3,1786959095.4675481,0.9711707602255046,success,200,1410849159.jpg
0,1786959095.726971,0.9733248739503324,success,200,1296770308.jpg
2,1786959095.9720857,0.9852710510604084,success,200,1550772959.jpg
1,1786959096.2007873,1.0142147140577435,success,200,1289625678.jpg
3,1786959096.4407964,0.9715478578582406,success,200,1287931016.jpg
0,1786959096.7034872,0.953181944321841,success,200,1395410911.jpg
2,1786959096.9601471,0.9550909758545458,success,200,10637120.jpg
1,1786959097.2162397,0.9022070849314332,success,200,11214205.jpg
3,1786959097.4124784,0.9769069110043347,success,200,1119418776.jpg
0,1786959097.6567922,1.1909769428893924,success,200,1418503947.jpg
2,1786959097.9167018,1.1780165899544954,success,200,1056359656.jpg
1,1786959098.1208646,1.235266758594662,success,200,1472433625.jpg
3,1786959098.390333,1.1707776812836528,success,200,1324673652.jpg
0,1786959098.84933,0.9738696068525314,success,200,1051290485.jpg
2,1786959099.0959337,0.9656773987226188,success,200,14698542.jpg
1,1786959099.359398,0.9455793020315468,success,200,154873964.jpg
3,1786959099.562941,0.9954006569460034,success,200,11808546.jpg
0,1786959099.8233044,1.0056145079433918,success,200,1149097018.jpg
2,1786959100.0631204,1.054009587969631,success,200,115452730.jpg
1,1786959100.3064435,1.048365302849561,success,200,1082252566.jpg
3,1786959100.5611632,1.046472362242639,success,200,1328655944.jpg
0,1786959100.8290215,1.0094973929226398,success,200,1195966967.jpg
2,1786959101.119671,0.9419509842991829,success,200,100444898.jpg
1,1786959101.3549113,0.9413148569874465,success,200,1410849159.jpg
3,1786959101.6096094,0.9218860571272671,success,200,1155138244.jpg
0,1786959101.8418205,0.9210304962471128,success,200,1466307489.jpg
2,1786959102.0631125,0.9614372290670872,success,200,1153857697.jpg
1,1786959102.2963588,0.9755710992030799,success,200,1242394484.jpg
3,1786959102.5330448,0.9910584716126323,success,200,1042590306.jpg
0,1786959102.764471,0.9576746453531086,success,200,145721496.jpg
2,1786959103.0261023,0.9688976011238992,success,200,145645390.jpg
1,1786959103.2744627,0.9923974028788507,success,200,1336600636.jpg
3,1786959103.5242033,0.991169277112931,success,200,129790261.jpg
0,1786959103.722258,1.078836740925908,success,200,101362133.jpg
2,1786959103.9961116,1.079786495771259,success,200,1029802110.jpg
1,1786959104.2694645,1.3435786650516093,success,200,1489471156.jpg
3,1786959104.519734,1.4367340048775077,success,200,128912885.jpg
0,1786959104.8012269,1.4686506781727076,success,200,1519576998.jpg
2,1786959105.0760806,1.437033771071583,success,200,114954667.jpg
1,1786959105.614679,1.1262396690435708,success,200,114474325.jpg
3,1786959105.959175,1.0242646001279354,success,200,128706814.jpg
0,1786959106.2699838,0.9641553177498281,success,200,1487016591.jpg
2,1786959106.5154743,1.1057012830860913,success,200,1321949151.jpg
1,1786959106.7424784,1.129300924949348,success,200,1024138940.jpg
3,1786959106.9851587,1.1639561112970114,success,200,1386994947.jpg
0,1786959107.2342257,1.1568544590845704,success,200,1251898514.jpg
2,1786959107.6213405,0.971885590814054,success,200,1526260626.jpg
1,1786959107.8748407,0.977784875780344,success,200,137431020.jpg
3,1786959108.1492183,1.0308767911046743,success,200,141755292.jpg
0,1786959108.3921025,0.9973668991588056,success,200,109083036.jpg
2,1786959108.596846,1.0956339091062546,success,200,1224851143.jpg
1,1786959108.852719,1.1832521818578243,success,200,106039369.jpg
3,1786959109.181987,1.1045463769696653,success,200,122301379.jpg
0,1786959109.3908885,1.2695719236508012,success,200,1136497229.jpg
2,1786959109.6939845,1.329316274728626,success,200,1388373425.jpg
1,1786959110.037584,1.2539685470983386,success,200,115275671.jpg
3,1786959110.2897992,1.3759134178981185,success,200,1434005938.jpg
0,1786959110.6628394,1.8476885329000652,success,200,1500576335.jpg
2,1786959111.0250878,2.3117615203373134,success,200,127146749.jpg
1,1786959111.291638,2.7073486810550094,success,200,133280380.jpg
3,1786959111.6657908,2.868476708419621,success,200,14133592.jpg
0,1786959112.5125847,3.061787333805114,success,200,1095590286.jpg
2,1786959113.344377,2.7454943326301873,success,200,1305564994.jpg
1,1786959114.0073714,2.5449558501131833,success,200,1363924449.jpg
3,1786959114.5401206,2.6479649217799306,success,200,150710406.jpg
0,1786959115.5763457,1.8957542930729687,success,200,13880312.jpg
2,1786959116.090879,1.6619631899520755,success,200,14526359.jpg
1,1786959116.5542274,1.4847035249695182,success,200,124534466.jpg
3,1786959117.1905277,1.062622151337564,success,200,1269470943.jpg
0,1786959117.473989,0.9948475798591971,success,200,1434090555.jpg
2,1786959117.7553506,0.9800773598253727,success,200,110600869.jpg
1,1786959118.0407746,0.920134924352169,success,200,1304428316.jpg
3,1786959118.2583466,1.047114408109337,success,200,1369162.jpg
0,1786959118.470616,1.121398616116494,success,200,132489044.jpg
2,1786959118.7366858,1.115778305567801,success,200,118802644.jpg
1,1786959118.9624314,1.15378328692168,success,200,101093029.jpg
3,1786959119.3070526,1.0829596580006182,success,200,1355703632.jpg
0,1786959119.5931966,1.0423327716998756,success,200,14868339.jpg
2,1786959119.8525853,0.9966694409959018,success,200,150710406.jpg
1,1786959120.1173124,0.9648548541590571,success,200,14264287.jpg
3,1786959120.3900933,0.8803081889636815,success,200,1509542787.jpg
0,1786959120.6379747,0.9900292176753283,success,200,1229536824.jpg
2,1786959120.84937,1.0677494388073683,success,200,113109101.jpg
1,1786959121.084356,1.0518629788421094,success,200,1404471863.jpg
3,1786959121.2704844,1.0717029580846429,success,200,10919429.jpg
0,1786959121.6281326,0.9719597627408803,success,200,1512967800.jpg
2,1786959121.9181833,0.9644800247624516,success,200,126772535.jpg
1,1786959122.1363573,1.0021593337878585,success,200,1434753225.jpg
3,1786959122.343437,1.0935935019515455,success,200,134857559.jpg
0,1786959122.6028636,1.0923431841656566,success,200,1238849490.jpg
2,1786959122.8849502,1.0847159968689084,success,200,133905560.jpg
1,1786959123.1411233,1.0690773027017713,success,200,1478268555.jpg
3,1786959123.4382548,1.0324077140539885,success,200,1000366164.jpg
0,1786959123.6953068,0.9984979247674346,success,200,12335073.jpg
1,1786959124.2125163,0.8295630309730768,success,200,1298295313.jpg
3,1786959124.4722714,0.8497256757691503,success,200,1425013325.jpg
2,1786959123.9734323,1.605892352759838,success,200,1547575241.jpg
0,1786959124.6949537,1.1144808209501207,success,200,1195966967.jpg
1,1786959125.044228,1.0392798259854317,success,200,103306033.jpg
3,1786959125.3221035,1.0666683753952384,success,200,141755292.jpg
2,1786959125.5853584,1.0789158041588962,success,200,1483574454.jpg
0,1786959125.8108573,1.0086696213111281,success,200,143680442.jpg
1,1786959126.0836327,0.9808359071612358,success,200,1392272228.jpg
3,1786959126.3902125,0.9341461500152946,success,200,133010954.jpg
2,1786959126.666234,0.8891957360319793,success,200,1014785440.jpg
0,1786959126.8228357,1.0278973490931094,success,200,1439282131.jpg
1,1786959127.0656981,1.0315388096496463,success,200,1092437557.jpg
3,1786959127.325862,1.0330825448036194,success,200,1301532463.jpg
2,1786959127.5568588,1.052890868857503,success,200,1368108583.jpg
0,1786959127.8508263,0.9788940772414207,success,200,14133592.jpg
1,1786959128.0984497,1.0740736788138747,success,200,1099434461.jpg
3,1786959128.3640783,1.1545696971006691,success,200,1007129816.jpg
2,1786959128.6098373,1.1140668150037527,success,200,1287931016.jpg
0,1786959128.8323433,1.1331788268871605,success,200,1308472581.jpg
1,1786959129.1743898,1.0587304653599858,success,200,1088385559.jpg
3,1786959129.5204296,0.9409455871209502,success,200,1029450589.jpg
2,1786959129.7290747,1.0053987461142242,success,200,1101923011.jpg
0,1786959129.9684005,1.0885966699570417,success,200,1410193619.jpg
1,1786959130.23472,1.0867499844171107,success,200,1423335781.jpg
3,1786959130.4627376,1.1306858789175749,success,200,1235580648.jpg
2,1786959130.7359865,1.1199734192341566,success,200,102268204.jpg
0,1786959131.0597665,1.104295841883868,success,200,1131883759.jpg
1,1786959131.3224998,1.094942816067487,success,200,13061918.jpg
3,1786959131.5935032,1.048232196830213,success,200,152881593.jpg
2,1786959131.858266,1.0567896929569542,success,200,105806535.jpg
0,1786959132.1658173,1.019443311728537,success,200,151215569.jpg
1,1786959132.4200819,1.042991743888706,success,200,1512068441.jpg
3,1786959132.6437063,1.0831645727157593,success,200,1386207171.jpg
2,1786959132.915147,1.0941840768791735,success,200,1186391461.jpg
0,1786959133.18856,1.2583055822178721,success,200,1493288603.jpg
1,1786959133.4640799,1.2406622041016817,success,200,1395107023.jpg
3,1786959133.7269826,1.240938649047166,success,200,110600869.jpg
2,1786959134.011713,1.231653262861073,success,200,1358477469.jpg
0,1786959134.4483755,1.013128171209246,success,200,127257426.jpg
1,1786959134.7067387,1.014727873262018,success,200,1468103286.jpg
3,1786959134.9698446,1.0093146241270006,success,200,115275691.jpg
0,1786959135.4630303,0.8084722189232707,success,200,1435242484.jpg
2,1786959135.2457068,1.29546741489321,success,200,1558042903.jpg
3,1786959135.9805584,0.8158219470642507,success,200,1262583859.jpg
1,1786959135.7256534,1.3482917631044984,success,200,1175268298.jpg
0,1786959136.2726865,1.0576777793467045,success,200,1049955899.jpg
2,1786959136.5412982,1.0754128941334784,success,200,1425013325.jpg
3,1786959136.798068,1.0628137630410492,success,200,132523566.jpg
1,1786959137.075605,1.0330412141047418,success,200,1167662968.jpg
0,1786959137.3319328,1.0129383318126202,success,200,1491192153.jpg
2,1786959137.6181812,1.0054102493450046,success,200,123315301.jpg
3,1786959137.8673747,1.015241167973727,success,200,127480623.jpg
1,1786959138.1103725,1.1575438510626554,success,200,1470061031.jpg
0,1786959138.3457088,1.1783687686547637,success,200,114722877.jpg
2,1786959138.6255465,1.2163357860408723,success,200,1281282435.jpg
3,1786959138.8850126,1.2006833218038082,success,200,1461329041.jpg
1,1786959139.2708373,0.9323155637830496,success,200,106691539.jpg
0,1786959139.5271869,0.9457698599435389,success,200,1538589805.jpg
2,1786959139.843547,0.8289044923149049,success,200,1028205764.jpg
3,1786959140.0876544,0.9065664657391608,success,200,141755290.jpg
1,1786959140.2051754,1.0586637249216437,success,200,148441028.jpg
0,1786959140.4741828,1.1045279586687684,success,200,146906547.jpg
2,1786959140.6746879,1.2744839531369507,success,200,1348947380.jpg
3,1786959140.996074,1.2316727391444147,success,200,1309153515.jpg
1,1786959141.2677407,1.235202091280371,success,200,1511807116.jpg
0,1786959141.5788026,1.2361839939840138,success,200,1158255688.jpg
2,1786959141.951073,1.1297024982050061,success,200,1254659.jpg
3,1786959142.2278442,1.094054819084704,success,200,1341077576.jpg
1,1786959142.5043993,1.1754192616790533,success,200,101654506.jpg
0,1786959142.8221228,1.3070046100765467,success,200,120542286.jpg
2,1786959143.0830233,1.3190103541128337,success,200,1231229740.jpg
3,1786959143.3220394,1.3934825067408383,success,200,141755290.jpg
1,1786959143.681363,1.2799457130022347,success,200,1146938063.jpg
0,1786959144.1306431,1.073865638114512,success,200,1508269285.jpg
2,1786959144.4021294,1.064974500797689,success,200,1418019748.jpg
3,1786959144.7169926,1.0642441930249333,success,200,136581487.jpg
1,1786959144.962732,1.2516048182733357,success,200,145053276.jpg
0,1786959145.2060425,1.2329687369056046,success,200,120474559.jpg
2,1786959145.4672108,1.2396962651982903,success,200,156021287.jpg
3,1786959145.7855804,1.2111059739254415,success,200,100207720.jpg
1,1786959146.2158587,1.0111511931754649,success,200,1082478946.jpg
0,1786959146.4391353,1.0199555419385433,success,200,1440024115.jpg
2,1786959146.7080452,0.9940455257892609,success,200,1422951807.jpg
3,1786959146.9967809,0.9957319381646812,success,200,11382381.jpg
1,1786959147.2271123,1.0110609172843397,success,200,1312440023.jpg
0,1786959147.459208,1.0270434790290892,success,200,153598671.jpg
2,1786959147.7053187,1.0495007866993546,success,200,1522291943.jpg
3,1786959147.9938483,0.9893910381942987,success,200,146021298.jpg
1,1786959148.2383196,1.0897401846013963,success,200,1131883759.jpg
0,1786959148.487736,1.1068942351266742,success,200,128128618.jpg
2,1786959148.7585409,1.0531953950412571,success,200,146684257.jpg
3,1786959148.9851882,1.0811983770690858,success,200,1295719054.jpg
1,1786959149.3304577,1.004450581036508,success,200,1472249944.jpg
2,1786959149.8118508,0.7742082923650742,success,200,1019604187.jpg
3,1786959150.0689838,0.762776443734765,success,200,1355945307.jpg
0,1786959149.597805,1.5483374479226768,success,200,1460352062.jpg
1,1786959150.3369203,1.0389222498051822,success,200,1350948838.jpg
2,1786959150.5933669,1.0174496350809932,success,200,1082608010.jpg
3,1786959150.8333945,1.0366712640970945,success,200,1384302953.jpg
0,1786959151.146251,0.9446994117461145,success,200,122301379.jpg
1,1786959151.3772686,0.9543782928958535,success,200,1332815795.jpg
2,1786959151.6125374,0.9516258682124317,success,200,1238084765.jpg
3,1786959151.8717291,0.9372222749516368,success,200,1243798805.jpg
0,1786959152.093035,0.9693861519917846,success,200,1001773457.jpg
1,1786959152.3317256,0.9172819280065596,success,200,1509542787.jpg
2,1786959152.5642593,0.9494279609061778,success,200,133010954.jpg
3,1786959152.81148,0.9765436793677509,success,200,1410019664.jpg
0,1786959153.0644886,0.9890437480062246,success,200,1352231156.jpg
1,1786959153.2503307,1.0545742339454591,success,200,12526324.jpg
2,1786959153.5170097,1.0282597029581666,success,200,1470132731.jpg
3,1786959153.788127,1.0793513776734471,success,200,1279422342.jpg
0,1786959154.0537057,1.1479462217539549,success,200,1500576335.jpg
1,1786959154.3064058,1.2012144126929343,success,200,1077931201.jpg
2,1786959154.5454304,1.2195429229177535,success,200,128479788.jpg
3,1786959154.8689883,1.157343648839742,success,200,12904242.jpg
0,1786959155.2017775,1.0333970501087606,success,200,1363924449.jpg
1,1786959155.5086577,0.976705078035593,success,200,1045309098.jpg
2,1786959155.7730718,0.948299772106111,success,200,1057210460.jpg
3,1786959156.0278418,0.9395231339149177,success,200,1496599281.jpg
0,1786959156.236464,0.9957348080351949,success,200,1417295167.jpg
1,1786959156.4867365,1.06997852306813,success,200,137338651.jpg
2,1786959156.7227747,1.1155668999999762,success,200,1285067106.jpg
3,1786959156.967453,1.135019341018051,success,200,128391889.jpg
0,1786959157.2323127,1.145095719024539,success,200,1110208841.jpg
1,1786959157.5591252,1.0556160863488913,success,200,1225687681.jpg
2,1786959157.8413928,1.1125004710629582,success,200,1094462889.jpg
3,1786959158.104584,1.0997617081739008,success,200,1546632452.jpg
0,1786959158.3787768,1.0743220229633152,success,200,106959209.jpg
1,1786959158.616797,1.1460948502644897,success,200,133661473.jpg
2,1786959158.9595861,1.00820791721344,success,200,1365896144.jpg
3,1786959159.2059543,1.0114572630263865,success,200,1122579380.jpg
0,1786959159.4575539,1.0030445200391114,success,200,1312954382.jpg
1,1786959159.7648783,0.9454447091557086,success,200,121551810.jpg
2,1786959159.9714437,0.974636877886951,success,200,1393424041.jpg
3,1786959160.2202446,1.175635717343539,success,200,120545126.jpg
0,1786959160.4625897,1.193976336158812,success,200,1277743944.jpg
1,1786959160.7104201,1.1922422428615391,success,200,1306755031.jpg
2,1786959160.9475272,1.196679515298456,success,200,1072153132.jpg
3,1786959161.395972,0.9708633618429303,success,200,10459869.jpg
0,1786959161.6615717,0.9543079719878733,success,200,155210731.jpg
1,1786959161.903596,0.9785014549270272,success,200,1015584366.jpg
2,1786959162.1454177,0.9321879870258272,success,200,1394317098.jpg
3,1786959162.3673942,1.0733090164139867,success,200,1470061031.jpg
0,1786959162.617921,1.069918769877404,success,200,137444523.jpg
1,1786959162.883857,1.0314555349759758,success,200,145291221.jpg
2,1786959163.0791018,1.132841242942959,success,200,1490670858.jpg
3,1786959163.4408178,1.0037280758842826,success,200,135916133.jpg
0,1786959163.68793,1.0181827428750694,success,200,1304100320.jpg
1,1786959163.9163687,1.0922712250612676,success,200,1303644819.jpg
2,1786959164.2144797,1.0656560366041958,success,200,14919212.jpg
3,1786959164.4466891,1.1229311297647655,success,200,122868800.jpg
0,1786959164.706223,1.098242787644267,success,200,1254659.jpg
1,1786959165.0087812,1.0444592218846083,success,200,116409198.jpg
2,1786959165.2818992,1.0334256952628493,success,200,1469358746.jpg
3,1786959165.5710213,1.0330141801387072,success,200,1519172943.jpg
0,1786959165.8063257,1.0366069092415273,success,200,1271210445.jpg
1,1786959166.0543866,1.058229701127857,success,200,1460500597.jpg
2,1786959166.3166142,1.0857842518016696,success,200,1397737225.jpg
3,1786959166.6053724,1.0505966399796307,success,200,1339342911.jpg
0,1786959166.8430436,1.0989495157264173,success,200,133280430.jpg
1,1786959167.11271,1.102538449689746,success,200,1512068441.jpg
2,1786959167.4045546,1.0749676879495382,success,200,1363343745.jpg
3,1786959167.6574867,1.0630976259708405,success,200,121800200.jpg
0,1786959167.9430573,1.0602129069156945,success,200,15269955.jpg
1,1786959168.2178223,1.037171309813857,success,200,1461667284.jpg
2,1786959168.4796813,1.0441954997368157,success,200,1460500597.jpg
3,1786959168.7221906,1.0968794510699809,success,200,1035392784.jpg
