request_type,run_id,index,filename,latency_seconds,status_code
single,0,0,846070499.jpg,0.2374051627703011,200
single,0,1,494625641.jpg,0.23428032780066133,200
single,0,2,4584267739.jpg,0.2366472869180143,200
single,0,3,1338523142.jpg,0.22020540479570627,200
single,0,4,3094629328.jpg,0.29851646395400167,200
single,0,5,1579206585.jpg,0.29188221087679267,200
single,0,6,470903027.jpg,0.23735115118324757,200
single,0,7,1433924222.jpg,0.23306727083399892,200
single,0,8,3731865465.jpg,0.41079433308914304,200
single,0,9,2243700772.jpg,0.6325635239481926,200
single,0,10,4013421575.jpg,0.3475298401899636,200
single,0,11,2504010674.jpg,0.29309658193960786,200
single,0,12,4733026480.jpg,0.22586765186861157,200
single,0,13,2312746782.jpg,0.25929696299135685,200
single,0,14,7024549383.jpg,0.2513273572549224,200
single,0,15,4559194524.jpg,0.2663512211292982,200
single,0,16,4587229099.jpg,0.233721018768847,200
single,0,17,4854666133.jpg,0.2058741468936205,200
single,0,18,226539844.jpg,0.24056346714496613,200
single,0,19,6285562381.jpg,0.2695263558998704,200
single,0,20,2378342922.jpg,0.3023723061196506,200
single,0,21,2306799249.jpg,0.33173136226832867,200
single,0,22,379612511.jpg,0.3568842578679323,200
single,0,23,6958079756.jpg,0.256675171200186,200
single,0,24,4146485510.jpg,0.2294645351357758,200
single,0,25,3497805015.jpg,0.22814280493184924,200
single,0,26,3565654691.jpg,0.26069593569263816,200
single,0,27,181702621.jpg,0.3238305221311748,200
single,0,28,783353797.jpg,0.2682374292053282,200
single,0,29,457875937.jpg,0.2670089639723301,200
batch,1,0,2877155196.jpg,0.3072723541408777,200
batch,1,1,4934873039.jpg,0.2987417057156563,200
batch,1,2,7578419416.jpg,0.315514218993485,200
batch,1,3,90011335.jpg,0.2679544920101762,200
batch,1,4,3613705104.jpg,0.2657629777677357,200
batch,1,5,3650188378.jpg,0.18494331231340766,200
batch,1,6,2081721157.jpg,0.22898720391094685,200
batch,1,7,2085557551.jpg,0.22960923984646797,200
batch,1,8,4379588756.jpg,0.22897531604394317,200
batch,1,9,2904104770.jpg,0.2762720319442451,200
batch,1,10,1676601498.jpg,0.1851721997372806,200
batch,1,11,110695011.jpg,0.2679963503032923,200
batch,1,12,2629302765.jpg,0.2496331501752138,200
batch,1,13,4748679197.jpg,0.4140295600518584,200
batch,1,14,6775387932.jpg,0.26683620922267437,200
batch,1,15,1944949081.jpg,0.23180122021585703,200
batch,1,16,181618457.jpg,0.24304970493540168,200
batch,1,17,1774246825.jpg,0.3124843561090529,200
batch,1,18,388747389.jpg,0.24539789697155356,200
batch,1,19,4861232893.jpg,0.2474128743633628,200
batch,1,20,19023618.jpg,0.19764647679403424,200
batch,1,21,2750741104.jpg,0.26022948091849685,200
batch,1,22,229897292.jpg,0.23162115784361959,200
batch,1,23,1660269454.jpg,0.28223868226632476,200
batch,1,24,1527297882.jpg,0.29237587796524167,200
batch,1,25,427430186.jpg,0.29525262489914894,200
batch,1,26,494792770.jpg,0.3829056518152356,200
batch,1,27,2414325960.jpg,0.24990170961245894,200
batch,1,28,2113124815.jpg,0.24829075066372752,200
batch,1,29,1388346434.jpg,0.2738418527878821,200
batch,1,30,3739742770.jpg,0.24268830474466085,200
batch,1,31,3834502656.jpg,0.16149495216086507,200
batch,1,32,3366377833.jpg,0.3401449350640178,200
batch,1,33,4465857504.jpg,0.25020514987409115,200
batch,1,34,2474776724.jpg,0.22987295594066381,200
batch,1,35,7685032768.jpg,0.35609275195747614,200
batch,1,36,3501386648.jpg,0.24493810022249818,200
batch,1,37,3328535573.jpg,0.3697078297846019,200
batch,1,38,2537034263.jpg,0.2389432298950851,200
batch,1,39,4936286470.jpg,0.33701581321656704,200
batch,1,40,3218889785.jpg,0.2624545539729297,200
batch,1,41,3629489568.jpg,0.26202968088909984,200
batch,1,42,2881087519.jpg,0.23781638406217098,200
batch,1,43,2896464687.jpg,0.24472808791324496,200
batch,1,44,3683644335.jpg,0.14675041334703565,200
batch,1,45,4091988557.jpg,0.25485366210341454,200
batch,1,46,4909512111.jpg,0.2960075098089874,200
batch,1,47,23016250.jpg,0.2670261412858963,200
batch,1,48,2354064281.jpg,0.21786160999909043,200
batch,1,49,6927762908.jpg,0.3364373021759093,200
batch,1,50,7670346550.jpg,0.22333160415291786,200
batch,1,51,3640104986.jpg,0.19333463022485375,200
batch,1,52,3138504165.jpg,0.326881212182343,200
batch,1,53,3070713991.jpg,0.27255929773673415,200
batch,1,54,512026551.jpg,0.253068455029279,200
batch,1,55,3385659425.jpg,0.22997618606314063,200
batch,1,56,4717130803.jpg,0.25287947384640574,200
batch,1,57,2264280779.jpg,0.3272875212132931,200
batch,1,58,2295894587.jpg,0.2619456723332405,200
batch,1,59,4675918984.jpg,0.3602100647985935,200
batch,1,60,6739641349.jpg,0.2725697457790375,200
batch,1,61,3808149060.jpg,0.301245444919914,200
batch,1,62,46982960.jpg,0.2931126649491489,200
batch,1,63,3745030498.jpg,0.25747034093365073,200
batch,1,64,3203645080.jpg,0.2325800098478794,200
batch,1,65,3556792157.jpg,0.288030163384974,200
batch,1,66,4300749467.jpg,0.1671660509891808,200
batch,1,67,4700257912.jpg,0.4488980579189956,200
batch,1,68,2769239715.jpg,0.2909768130630255,200
batch,1,69,4678843953.jpg,0.2813082430511713,200
batch,1,70,128479785.jpg,0.28888219501823187,200
batch,1,71,2215136723.jpg,0.24444334069266915,200
batch,1,72,3468635980.jpg,0.27487622015178204,200
batch,1,73,3375014075.jpg,0.3499482828192413,200
batch,1,74,4961939249.jpg,0.23415135079994798,200
batch,1,75,3323076458.jpg,0.2361623952165246,200
batch,1,76,4576144189.jpg,0.1817590482532978,200
batch,1,77,4740287371.jpg,0.20614609820768237,200
batch,1,78,4741372603.jpg,0.24152185721322894,200
batch,1,79,6647904677.jpg,0.268539706710726,200
batch,1,80,3048380686.jpg,0.28357577603310347,200
batch,1,81,4260403844.jpg,0.4467324148863554,200
batch,1,82,4520504568.jpg,0.21117602195590734,200
batch,1,83,4621091937.jpg,0.26071793492883444,200
batch,1,84,1487016591.jpg,0.23206176003441215,200
batch,1,85,3696261825.jpg,0.19982774602249265,200
batch,1,86,4948441067.jpg,0.27437200164422393,200
batch,1,87,2568173994.jpg,0.2971526491455734,200
batch,1,88,7072093185.jpg,0.26239251904189587,200
batch,1,89,7300169048.jpg,0.29756037099286914,200
batch,1,90,3927612999.jpg,0.3342038127593696,200
batch,1,91,2525716531.jpg,0.2281184671446681,200
batch,1,92,800387501.jpg,0.2902728649787605,200
batch,1,93,6224759631.jpg,0.2285996787250042,200
batch,1,94,4755969767.jpg,0.23550811782479286,200
batch,1,95,3696246123.jpg,0.2839788971468806,200
batch,1,96,3445296377.jpg,0.25580001901835203,200
batch,1,97,4808316455.jpg,0.24606502894312143,200
batch,1,98,571621280.jpg,0.23920512106269598,200
batch,1,99,4379845375.jpg,0.24592171190306544,200
batch,2,0,434643459.jpg,0.255056528840214,200
batch,2,1,628282183.jpg,0.2917386833578348,200
batch,2,2,4755276018.jpg,0.2681973548606038,200
batch,2,3,4757330571.jpg,0.29233999317511916,200
batch,2,4,528517845.jpg,0.2864166432991624,200
batch,2,5,3245912109.jpg,0.22789207380264997,200
batch,2,6,161975684.jpg,0.2601338690146804,200
batch,2,7,2317665783.jpg,0.29117121594026685,200
batch,2,8,524036004.jpg,0.30802366184070706,200
batch,2,9,4205559091.jpg,0.28567587910220027,200
batch,2,10,3043266735.jpg,0.3087176801636815,200
batch,2,11,6864936264.jpg,0.25691060116514564,200
batch,2,12,4669664561.jpg,0.21405866788700223,200
batch,2,13,2802447198.jpg,0.29779854603111744,200
batch,2,14,4374241200.jpg,0.2487518908455968,200
batch,2,15,4980391949.jpg,0.27594900224357843,200
batch,2,16,3178241683.jpg,0.24414537893608212,200
batch,2,17,2341254813.jpg,0.27004324505105615,200
batch,2,18,3240519143.jpg,0.2678088629618287,200
batch,2,19,7664337844.jpg,0.24884042097255588,200
batch,2,20,80282277.jpg,0.24211626686155796,200
batch,2,21,2303951441.jpg,0.22758196108043194,200
batch,2,22,7015055.jpg,0.29748253198340535,200
batch,2,23,4884134400.jpg,0.2548057436943054,200
batch,2,24,91083825.jpg,0.31478025298565626,200
batch,2,25,3657661936.jpg,0.23513667937368155,200
batch,2,26,368212336.jpg,0.247579051181674,200
batch,2,27,3341919445.jpg,0.2516725230962038,200
batch,2,28,3955648022.jpg,0.29761752765625715,200
batch,2,29,340220675.jpg,0.2684481181204319,200
batch,2,30,395125320.jpg,0.2740554390475154,200
batch,2,31,78879869.jpg,0.25637352792546153,200
batch,2,32,3242919570.jpg,0.31584765389561653,200
batch,2,33,2953684252.jpg,0.2930644233711064,200
batch,2,34,63787714.jpg,0.16162033006548882,200
batch,2,35,2245019332.jpg,0.32449690578505397,200
batch,2,36,4738242428.jpg,0.2451495910063386,200
batch,2,37,4553360582.jpg,0.2788087287917733,200
batch,2,38,2445283938.jpg,0.28196708485484123,200
batch,2,39,314603661.jpg,0.39435830526053905,200
batch,2,40,3294209955.jpg,0.23987506283447146,200
batch,2,41,3559993787.jpg,0.22899552527815104,200
batch,2,42,3956780803.jpg,0.23945393599569798,200
batch,2,43,4333374998.jpg,0.29605949437245727,200
batch,2,44,2700625647.jpg,0.2601349209435284,200
batch,2,45,412082368.jpg,0.2691551330499351,200
batch,2,46,1939130031.jpg,0.3141411328688264,200
batch,2,47,450596617.jpg,0.23850919120013714,200
batch,2,48,4668605108.jpg,0.20244457898661494,200
batch,2,49,47321520.jpg,0.2719250191003084,200
batch,2,50,3441701164.jpg,0.24510470405220985,200
batch,2,51,4830853179.jpg,0.2549820616841316,200
batch,2,52,2587846523.jpg,0.2511740210466087,200
batch,2,53,4905053758.jpg,0.2814465658739209,200
batch,2,54,7425257042.jpg,0.30850980104878545,200
batch,2,55,8206921.jpg,0.3288577552884817,200
batch,2,56,8208720028.jpg,0.276311410125345,200
batch,2,57,384668736.jpg,0.28937307512387633,200
batch,2,58,4759256692.jpg,0.47179697174578905,200
batch,2,59,3301859683.jpg,0.26558096893131733,200
batch,2,60,2333712689.jpg,0.2539617922157049,200
batch,2,61,3626325621.jpg,0.23577446723356843,200
batch,2,62,141841337.jpg,0.30158185586333275,200
batch,2,63,6882870726.jpg,0.2788494052365422,200
batch,2,64,3107368071.jpg,0.22724091075360775,200
batch,2,65,3501175119.jpg,0.24140786472707987,200
batch,2,66,2339102058.jpg,0.26921798195689917,200
batch,2,67,4317899382.jpg,0.2981564118526876,200
batch,2,68,4439032965.jpg,0.3035141988657415,200
batch,2,69,3667492609.jpg,0.28698416892439127,200
batch,2,70,3620197503.jpg,0.24027560418471694,200
batch,2,71,478208896.jpg,0.22954614413902164,200
batch,2,72,4607216899.jpg,0.260121064260602,200
batch,2,73,433471134.jpg,0.27516250498592854,200
batch,2,74,300539993.jpg,0.26496782014146447,200
batch,2,75,324208502.jpg,0.2555257771164179,200
batch,2,76,2173828253.jpg,0.22389689506962895,200
batch,2,77,2900271867.jpg,0.27291686413809657,200
batch,2,78,196381488.jpg,0.2780623510479927,200
batch,2,79,3812972187.jpg,0.24439861625432968,200
batch,2,80,4334791701.jpg,0.29539585672318935,200
batch,2,81,5194652258.jpg,0.27333445800468326,200
batch,2,82,4784874051.jpg,0.272912017069757,200
batch,2,83,2394824046.jpg,0.24438265385106206,200
batch,2,84,3064436138.jpg,0.22864791611209512,200
batch,2,85,2426303900.jpg,0.3933772388845682,200
batch,2,86,711689801.jpg,0.26828892389312387,200
batch,2,87,831025550.jpg,0.32387090800330043,200
batch,2,88,1517807181.jpg,0.2810543500818312,200
batch,2,89,3363750526.jpg,0.3655238118954003,200
batch,2,90,2133733793.jpg,0.3197036189958453,200
batch,2,91,2784746.jpg,0.2910369331948459,200
batch,2,92,4412893298.jpg,0.3079443331807852,200
batch,2,93,4051627887.jpg,0.259189167059958,200
batch,2,94,3182121297.jpg,0.22486507426947355,200
batch,2,95,4768114318.jpg,0.14164019376039505,200
batch,2,96,4645242031.jpg,0.25724693899974227,200
batch,2,97,285306009.jpg,0.2879636758007109,200
batch,2,98,2810333931.jpg,0.2808464732952416,200
batch,2,99,7236814360.jpg,0.30861575715243816,200
batch,3,0,1620397000.jpg,0.15923598315566778,200
batch,3,1,5350952226.jpg,0.35670820204541087,200
batch,3,2,5571949283.jpg,0.23276534816250205,200
batch,3,3,473499987.jpg,0.22574809193611145,200
batch,3,4,1449692616.jpg,0.26218915916979313,200
batch,3,5,3415113018.jpg,0.22781681083142757,200
batch,3,6,3676561090.jpg,0.22385089611634612,200
batch,3,7,237547381.jpg,0.2420384157449007,200
batch,3,8,7493450658.jpg,0.2476513348519802,200
batch,3,9,417839679.jpg,0.2343028779141605,200
batch,3,10,5077873899.jpg,0.23712705029174685,200
batch,3,11,7704593722.jpg,0.23861760506406426,200
batch,3,12,4949430092.jpg,0.3025925951078534,200
batch,3,13,2102902012.jpg,0.24220608500763774,200
batch,3,14,1126450961.jpg,0.2859765109606087,200
batch,3,15,4940658755.jpg,0.2237136522307992,200
batch,3,16,3498327617.jpg,0.30085611902177334,200
batch,3,17,4515616069.jpg,0.2821369939483702,200
batch,3,18,4725884184.jpg,0.19395135482773185,200
batch,3,19,4850637363.jpg,0.24297322519123554,200
batch,3,20,2494088238.jpg,0.2808031481690705,200
batch,3,21,4666848560.jpg,0.18181108916178346,200
batch,3,22,479472539.jpg,0.38738151965662837,200
batch,3,23,3963654975.jpg,0.34754234831780195,200
batch,3,24,3070036584.jpg,0.28890641313046217,200
batch,3,25,280940033.jpg,0.42560294503346086,200
batch,3,26,3314850981.jpg,0.288800697773695,200
batch,3,27,385835044.jpg,0.28820209112018347,200
batch,3,28,493272889.jpg,0.39223621180281043,200
batch,3,29,758142007.jpg,0.2688247440382838,200
batch,3,30,3932198441.jpg,0.3739138823002577,200
batch,3,31,2802497633.jpg,0.24163828324526548,200
batch,3,32,6692727651.jpg,0.45278057595714927,200
batch,3,33,2876848241.jpg,0.1829594592563808,200
batch,3,34,3810466608.jpg,0.2729391483590007,200
batch,3,35,4862041366.jpg,0.25586434081196785,200
batch,3,36,2889113059.jpg,0.2654895866289735,200
batch,3,37,2708563035.jpg,0.2523894659243524,200
batch,3,38,2429272699.jpg,0.34089237125590444,200
batch,3,39,8194331212.jpg,0.27090703416615725,200
batch,3,40,954987350.jpg,0.22356890607625246,200
batch,3,41,3392293702.jpg,0.25702296709641814,200
batch,3,42,5405076022.jpg,0.2962731500156224,200
batch,3,43,2322393931.jpg,0.29640981182456017,200
batch,3,44,4936169836.jpg,0.29866667510941625,200
batch,3,45,7125381623.jpg,0.27447696030139923,200
batch,3,46,4631310439.jpg,0.25214085495099425,200
batch,3,47,4563177695.jpg,0.27741621108725667,200
batch,3,48,5340639100.jpg,0.24878792511299253,200
batch,3,49,2616379779.jpg,0.448695732280612,200
batch,3,50,3471173526.jpg,0.2972103492356837,200
batch,3,51,2971285079.jpg,0.2385474443435669,200
batch,3,52,3090877035.jpg,0.29999611200764775,200
batch,3,53,4912991926.jpg,0.27968130074441433,200
batch,3,54,260370720.jpg,0.2769993138499558,200
batch,3,55,229352848.jpg,0.25540144136175513,200
batch,3,56,424379231.jpg,0.3369833752512932,200
batch,3,57,4449702228.jpg,0.258523715659976,200
batch,3,58,1516994798.jpg,0.3171598999761045,200
batch,3,59,2454923455.jpg,0.23505338607355952,200
batch,3,60,1534524182.jpg,0.2838268936611712,200
batch,3,61,4686365380.jpg,0.2612100741825998,200
batch,3,62,3263497678.jpg,0.2974765319377184,200
batch,3,63,3445428367.jpg,0.28473750595003366,200
batch,3,64,38478672.jpg,0.29528098786249757,200
batch,3,65,4799951910.jpg,0.30578739009797573,200
batch,3,66,2384550175.jpg,0.24187298817560077,200
batch,3,67,661546153.jpg,0.31489942595362663,200
batch,3,68,357870895.jpg,0.20413967641070485,200
batch,3,69,2847615962.jpg,0.16372008621692657,200
batch,3,70,2646615552.jpg,0.43072345294058323,200
batch,3,71,2921430836.jpg,0.28181738080456853,200
batch,3,72,7232861768.jpg,0.20022032083943486,200
batch,3,73,5645857612.jpg,0.24866762198507786,200
batch,3,74,221024576.jpg,0.2449832377023995,200
batch,3,75,2827964381.jpg,0.24846561532467604,200
batch,3,76,2994985669.jpg,0.2650897935964167,200
batch,3,77,2426215757.jpg,0.2500956691801548,200
batch,3,78,257699783.jpg,0.27411229675635695,200
batch,3,79,3582914905.jpg,0.24831921886652708,200
batch,3,80,208062991.jpg,0.21368649182841182,200
batch,3,81,2609082055.jpg,0.2275157836265862,200
batch,3,82,287967163.jpg,0.2515878640115261,200
batch,3,83,4834395459.jpg,0.3505598260089755,200
batch,3,84,4869914617.jpg,0.23182508070021868,200
batch,3,85,4799147179.jpg,0.32816895097494125,200
batch,3,86,2937942758.jpg,0.27728450996801257,200
batch,3,87,3388836914.jpg,0.3629407468251884,200
batch,3,88,4939691102.jpg,0.26215362502261996,200
batch,3,89,1093716555.jpg,0.28533976012840867,200
batch,3,90,344398054.jpg,0.41600965801626444,200
batch,3,91,372559387.jpg,0.35257341526448727,200
batch,3,92,3065560742.jpg,0.35550187062472105,200
batch,3,93,2786242106.jpg,0.4343874999321997,200
batch,3,94,2855594918.jpg,0.3296853397041559,200
batch,3,95,2750912179.jpg,0.26495515927672386,200
batch,3,96,4752074240.jpg,0.27075155824422836,200
batch,3,97,3983185073.jpg,0.49769442342221737,200
batch,3,98,3710607005.jpg,0.30029841186478734,200
batch,3,99,3394750987.jpg,0.21112061897292733,200
batch,4,0,2115721452.jpg,0.24437796091660857,200
batch,4,1,191003287.jpg,0.3059273581020534,200
batch,4,2,758921886.jpg,0.32666945504024625,200
batch,4,3,1675679141.jpg,0.17202374804764986,200
batch,4,4,2592711202.jpg,0.232245285063982,200
batch,4,5,4767429078.jpg,0.2715595057234168,200
batch,4,6,2863539038.jpg,0.2807940091006458,200
batch,4,7,4717479637.jpg,0.31117891520261765,200
batch,4,8,3514194772.jpg,0.2556839780882001,200
batch,4,9,4743212760.jpg,0.26475236332044005,200
batch,4,10,332303587.jpg,0.2816053400747478,200
batch,4,11,4419476684.jpg,0.2392917387187481,200
batch,4,12,83457315.jpg,0.22635187301784754,200
batch,4,13,2853811730.jpg,0.2694285777397454,200
batch,4,14,44401148.jpg,0.1866920250467956,200
batch,4,15,887108308.jpg,0.24480952322483063,200
batch,4,16,4778395132.jpg,0.37872409308329225,200
batch,4,17,5501939710.jpg,0.2563141598366201,200
batch,4,18,1335877200.jpg,0.280518043320626,200
batch,4,19,358718746.jpg,0.28757274616509676,200
batch,4,20,4291704682.jpg,0.2638514479622245,200
batch,4,21,1691573772.jpg,0.28950845496729016,200
batch,4,22,3484393667.jpg,0.3595838323235512,200
batch,4,23,3601569729.jpg,0.2389648947864771,200
batch,4,24,1570065565.jpg,0.2881739600561559,200
batch,4,25,2475640704.jpg,0.2602878990583122,200
batch,4,26,404591372.jpg,0.34119525691494346,200
batch,4,27,624072749.jpg,0.2993981270119548,200
batch,4,28,3303507839.jpg,0.2360853459686041,200
batch,4,29,4411735241.jpg,0.2271247049793601,200
batch,4,30,2295447147.jpg,0.2915980191901326,200
batch,4,31,2422635544.jpg,0.2585967779159546,200
batch,4,32,109202801.jpg,0.23526646802201867,200
batch,4,33,46360594.jpg,0.23983727302402258,200
batch,4,34,3777739107.jpg,0.42503378819674253,200
batch,4,35,6206340700.jpg,0.23818449303507805,200
batch,4,36,5829827359.jpg,0.17926045507192612,200
batch,4,37,1526260626.jpg,0.20278258761391044,200
batch,4,38,5690859699.jpg,0.2038965718820691,200
batch,4,39,5039758111.jpg,0.2693502251058817,200
batch,4,40,539676201.jpg,0.26097876904532313,200
batch,4,41,6322364581.jpg,0.22651278087869287,200
batch,4,42,4653291146.jpg,0.24729408510029316,200
batch,4,43,3325129757.jpg,0.23754414496943355,200
batch,4,44,3119903318.jpg,0.20993731822818518,200
batch,4,45,5171265627.jpg,0.3656068602576852,200
batch,4,46,539761097.jpg,0.22753148013725877,200
batch,4,47,4862594943.jpg,0.23991543985903263,200
batch,4,48,5166720997.jpg,0.25591314816847444,200
batch,4,49,3149185449.jpg,0.2949538240209222,200
batch,4,50,4444147335.jpg,0.2801145580597222,200
batch,4,51,4752537082.jpg,0.3376865410245955,200
batch,4,52,3702436188.jpg,0.26810355577617884,200
batch,4,53,5526034.jpg,0.2683904622681439,200
batch,4,54,3157744152.jpg,0.26299684680998325,200
batch,4,55,8052380671.jpg,0.26142119197174907,200
batch,4,56,2422898984.jpg,0.24162600608542562,200
batch,4,57,3365049500.jpg,0.24814626621082425,200
batch,4,58,3207676216.jpg,0.20013732137158513,200
batch,4,59,6319369709.jpg,0.23443224420771003,200
batch,4,60,3380929595.jpg,0.2764753527007997,200
batch,4,61,4612024952.jpg,0.216855363920331,200
batch,4,62,4680828876.jpg,0.3215840831398964,200
batch,4,63,4033800420.jpg,0.24769883416593075,200
batch,4,64,4943187092.jpg,0.2806038190610707,200
batch,4,65,367602066.jpg,0.25319620268419385,200
batch,4,66,4857778452.jpg,0.2993065631017089,200
batch,4,67,4670863950.jpg,0.2979974183253944,200
batch,4,68,4772018990.jpg,0.23229448217898607,200
batch,4,69,2735792721.jpg,0.2570529608055949,200
batch,4,70,2173312932.jpg,0.24845919897779822,200
batch,4,71,5447844412.jpg,0.354926825966686,200
batch,4,72,5014752481.jpg,0.2577025000937283,200
batch,4,73,3680218298.jpg,0.28295933408662677,200
batch,4,74,6078212486.jpg,0.27069090493023396,200
batch,4,75,2128893830.jpg,0.2832667240872979,200
batch,4,76,1368512916.jpg,0.25279078586027026,200
batch,4,77,72010346.jpg,0.28756955685094,200
batch,4,78,2065875490.jpg,0.2531544719822705,200
batch,4,79,3948003394.jpg,0.40057522198185325,200
batch,4,80,3333860706.jpg,0.21832071710377932,200
batch,4,81,190638179.jpg,0.24169395677745342,200
batch,4,82,3618115051.jpg,0.35237761214375496,200
batch,4,83,2631392326.jpg,0.24253503512591124,200
batch,4,84,3776547343.jpg,0.2838410879485309,200
batch,4,85,3437147889.jpg,0.28282863972708583,200
batch,4,86,3163198309.jpg,0.25704868882894516,200
batch,4,87,3826417429.jpg,0.2387709580361843,200
batch,4,88,238967220.jpg,0.22871540673077106,200
batch,4,89,4375286847.jpg,0.4326989911496639,200
batch,4,90,4557915399.jpg,0.20084293326362967,200
batch,4,91,2620483456.jpg,0.2724106181412935,200
batch,4,92,3631671718.jpg,0.25092943804338574,200
batch,4,93,2719101587.jpg,0.27450112719088793,200
batch,4,94,4729746211.jpg,0.2632602178491652,200
batch,4,95,3406409018.jpg,0.25132365711033344,200
batch,4,96,1224744193.jpg,0.24950641486793756,200
batch,4,97,4633066958.jpg,0.2660225760191679,200
batch,4,98,3594029059.jpg,0.27641995903104544,200
batch,4,99,7879838102.jpg,0.2441789312288165,200
batch,5,0,2512905710.jpg,0.2919815327040851,200
batch,5,1,6348201976.jpg,0.28637140803039074,200
batch,5,2,136639119.jpg,0.4568000501021743,200
batch,5,3,3018847610.jpg,0.2779875402338803,200
batch,5,4,4477602852.jpg,0.2179582118988037,200
batch,5,5,4527012288.jpg,0.2507582791149616,200
batch,5,6,4705001158.jpg,0.2699790680781007,200
batch,5,7,5931115247.jpg,0.2612865730188787,200
batch,5,8,2673148534.jpg,0.2217733566649258,200
batch,5,9,2481001259.jpg,0.23352938098832965,200
batch,5,10,2435536626.jpg,0.2555742231197655,200
batch,5,11,4043418437.jpg,0.20424936711788177,200
batch,5,12,2259336826.jpg,0.19562453590333462,200
batch,5,13,4556399449.jpg,0.25260524405166507,200
batch,5,14,2303426046.jpg,0.24946361174806952,200
batch,5,15,4623271447.jpg,0.27759420685470104,200
batch,5,16,7364986488.jpg,0.2723057600669563,200
batch,5,17,1819261140.jpg,0.2835952341556549,200
batch,5,18,352024192.jpg,0.36322427121922374,200
batch,5,19,4918218886.jpg,0.2675925209186971,200
batch,5,20,421322723.jpg,0.24231294309720397,200
batch,5,21,476112515.jpg,0.24758879095315933,200
batch,5,22,7004820202.jpg,0.24439171329140663,200
batch,5,23,4024023598.jpg,0.26222240505740047,200
batch,5,24,5501805647.jpg,0.2431478830985725,200
batch,5,25,2525232298.jpg,0.20908810617402196,200
batch,5,26,1452176236.jpg,0.25509246438741684,200
batch,5,27,2687891662.jpg,0.2721845698542893,200
batch,5,28,2328104318.jpg,0.3053280496969819,200
batch,5,29,6006191679.jpg,0.24011390889063478,200
batch,5,30,86120657.jpg,0.2014909009449184,200
batch,5,31,3321715926.jpg,0.2410896518267691,200
batch,5,32,2429974376.jpg,0.2842673878185451,200
batch,5,33,470458461.jpg,0.2602726495824754,200
batch,5,34,474784914.jpg,0.22308489307761192,200
batch,5,35,5588403950.jpg,0.23923839116469026,200
batch,5,36,3119517310.jpg,0.37160507682710886,200
batch,5,37,7214830708.jpg,0.2386377202346921,200
batch,5,38,6780367008.jpg,0.22567463433369994,200
batch,5,39,482098572.jpg,0.2924794480204582,200
batch,5,40,6769024927.jpg,0.26991759333759546,200
batch,5,41,1559709077.jpg,0.22975174291059375,200
batch,5,42,2975096608.jpg,0.20955970417708158,200
batch,5,43,4981172140.jpg,0.2746714986860752,200
batch,5,44,129599450.jpg,0.23941471800208092,200
batch,5,45,2799871904.jpg,0.2658565971069038,200
batch,5,46,4637337239.jpg,0.21957609988749027,200
batch,5,47,2088532947.jpg,0.2412563399411738,200
batch,5,48,4973530552.jpg,0.2429392049089074,200
batch,5,49,4399206310.jpg,0.28176033729687333,200
batch,5,50,3090852026.jpg,0.266886651981622,200
batch,5,51,2691966747.jpg,0.22028478980064392,200
batch,5,52,3388096008.jpg,0.21714100893586874,200
batch,5,53,6339576648.jpg,0.26732636615633965,200
batch,5,54,2910453671.jpg,0.261341555044055,200
batch,5,55,400242803.jpg,0.2653357610106468,200
batch,5,56,7979042317.jpg,0.2744511850178242,200
batch,5,57,427936315.jpg,0.24135727901011705,200
batch,5,58,6135582891.jpg,0.3584430026821792,200
batch,5,59,5542771977.jpg,0.23550615506246686,200
batch,5,60,137444338.jpg,0.2599874367006123,200
batch,5,61,136310496.jpg,0.22131000272929668,200
batch,5,62,2414384480.jpg,0.24692005570977926,200
batch,5,63,3667035672.jpg,0.28542094118893147,200
batch,5,64,4591056052.jpg,0.19576440611854196,200
batch,5,65,8066184290.jpg,0.24609563313424587,200
batch,5,66,3078186025.jpg,0.25307503202930093,200
batch,5,67,390675437.jpg,0.28895106306299567,200
batch,5,68,167452748.jpg,0.23593257227912545,200
batch,5,69,2419816094.jpg,0.23256313474848866,200
batch,5,70,502468859.jpg,0.21927787689492106,200
batch,5,71,4517513099.jpg,0.2507448592223227,200
batch,5,72,4861969983.jpg,0.2623536139726639,200
batch,5,73,7787560818.jpg,0.37302154675126076,200
batch,5,74,3339768802.jpg,0.24891562294214964,200
batch,5,75,2954525375.jpg,0.25317335641011596,200
batch,5,76,1716445442.jpg,0.26928503485396504,200
batch,5,77,2761583895.jpg,0.28297332022339106,200
batch,5,78,4603099757.jpg,0.24562157224863768,200
batch,5,79,1928319708.jpg,0.27286015124991536,200
batch,5,80,7162017948.jpg,0.3069936688989401,200
batch,5,81,3286761458.jpg,0.2508969181217253,200
batch,5,82,1334892555.jpg,0.28714899299666286,200
batch,5,83,3202937657.jpg,0.28515246976166964,200
batch,5,84,3045613316.jpg,0.2496247347444296,200
batch,5,85,3251449029.jpg,0.24758008867502213,200
batch,5,86,3972670198.jpg,0.23388700373470783,200
batch,5,87,778257070.jpg,0.2328858533874154,200
batch,5,88,2755554894.jpg,0.23017382714897394,200
batch,5,89,4418466422.jpg,0.25638427771627903,200
batch,5,90,184855171.jpg,0.26320110401138663,200
batch,5,91,4658347592.jpg,0.2288349182344973,200
batch,5,92,217593609.jpg,0.19436214258894324,200
batch,5,93,472435599.jpg,0.24734156532213092,200
batch,5,94,5522182662.jpg,0.24210969684645534,200
batch,5,95,84713990.jpg,0.24261793680489063,200
batch,5,96,2629295654.jpg,0.2519650082103908,200
batch,5,97,3315250232.jpg,0.22630288684740663,200
batch,5,98,3672309620.jpg,0.2556462660431862,200
batch,5,99,141329248.jpg,0.23984475014731288,200
